{
  "vagas": [
    {
      "id": 1,
      "nome": "Desenvolver Front End",
      "foto": "foto1.png",
      "descricao": "Trabalhar com Angular",
      "salario": 6500
    },
    {
      "id": 2,
      "nome": "Desenvolver BackEnd",
      "foto": "foto2.png",
      "descricao": "Trabalhar com NodeJS",
      "salario": 11000
    },
    {
      "id": 3,
      "nome": "Desenvolver Web Full Stack",
      "foto": "foto3.png",
      "descricao": "Trabalhar com Angular e NodeJS",
      "salario": 15000
    }
  ]
}